index,x,y,yaw
0,27.625000,15.175000,-0.174533
1,27.553632,15.186522,-0.130899
2,27.481961,15.195976,-0.130899
3,27.410047,15.203356,-0.087266
4,27.337952,15.208650,-0.043633
5,27.314121,15.210176,-0.043633
6,27.386405,15.209056,0.000000
7,27.458689,15.210028,0.043633
8,27.530915,15.213088,0.043633
9,27.603025,15.218236,0.087266
10,27.675000,15.225000,0.087266
