index,x,y,yaw
0,25.225000,3.375000,1.570796
1,25.225000,3.265926,1.570796
2,25.225000,3.156851,1.570796
3,25.226110,3.082405,1.614430
4,25.227658,3.007967,1.570796
5,25.227015,2.933515,1.527163
6,25.224155,2.859116,1.527163
7,25.219080,2.784835,1.483530
8,25.211795,2.710737,1.439897
9,25.215215,2.733414,1.439897
10,25.226897,2.806946,1.396263
11,25.240764,2.880097,1.352630
12,25.256803,2.952804,1.352630
13,25.275000,3.025000,1.308997
