index,x,y,yaw
0,27.875000,11.475000,1.090831
1,27.908417,11.541599,1.134464
2,27.939835,11.609163,1.134464
3,27.969223,11.677634,1.178097
4,27.996561,11.746950,1.221731
5,28.021820,11.817050,1.221731
6,28.020511,11.811272,1.265364
7,27.999472,11.739791,1.308997
8,27.980576,11.667716,1.308997
9,27.963834,11.595108,1.352630
10,27.949265,11.522035,1.396263
11,27.936878,11.448560,1.439897
12,27.925000,11.375000,1.396263
