index,x,y,yaw
0,28.675000,11.575000,-0.261799
1,28.668085,11.577336,-0.218166
2,28.742667,11.560972,-0.218166
3,28.817713,11.546894,-0.174533
4,28.893155,11.535114,-0.130899
5,28.968921,11.525643,-0.087266
6,29.030198,11.519673,-0.087266
7,28.953995,11.524500,-0.043633
8,28.877680,11.526999,0.000000
9,28.801325,11.527165,0.000000
10,28.725000,11.525000,0.043633
