index,x,y,yaw
0,21.450000,12.050000,0.959931
1,21.536290,12.181896,1.047198
2,21.616956,12.317327,1.047198
3,21.704503,12.448391,0.959931
4,21.800136,12.573678,0.872665
5,21.903475,12.692690,0.785398
6,22.014107,12.804953,0.785398
7,21.950000,12.750000,0.698132
