index,x,y,yaw
0,25.425000,11.775000,0.741765
1,25.503792,11.850427,0.785398
2,25.580919,11.927554,0.785398
3,25.658048,12.004681,0.785398
4,25.709085,12.056465,0.785398
5,25.761243,12.107123,0.741765
6,25.814847,12.156242,0.741765
7,25.869861,12.203781,0.698132
8,25.926230,12.249700,0.654499
9,25.883945,12.217565,0.654499
10,25.825000,12.175000,0.610865
