index,x,y,yaw
0,27.025000,9.775000,0.610865
1,27.112964,9.839497,0.654499
2,27.174030,9.887885,0.698132
3,27.233561,9.938152,0.698132
4,27.274552,9.974604,0.741765
5,27.218271,9.920726,0.785398
6,27.163694,9.865121,0.829031
7,27.110877,9.807841,0.829031
8,27.125000,9.825000,0.872665
