index,x,y,yaw
0,25.725000,5.075000,1.221731
1,25.752619,5.148488,1.221731
2,25.778727,5.222525,1.265364
3,25.802497,5.297344,1.265364
4,25.823908,5.372873,1.308997
5,25.827417,5.384440,1.352630
6,25.810791,5.307716,1.352630
7,25.796579,5.230509,1.396263
8,25.784803,5.152893,1.439897
9,25.775000,5.075000,1.439897
