index,x,y,yaw
0,21.050000,11.550000,0.959931
1,21.132811,11.675945,1.047198
2,21.213028,11.803581,1.047198
3,21.293247,11.931216,1.047198
4,21.373464,12.058851,1.047198
5,21.453789,12.186418,0.959931
6,21.539060,12.310707,0.959931
7,21.631665,12.429631,0.872665
8,21.731269,12.542758,0.785398
9,21.837509,12.649677,0.785398
10,21.950000,12.750000,0.698132
