index,x,y,yaw
0,24.475000,9.925000,0.654499
1,24.533062,9.969618,0.654499
2,24.589894,10.015791,0.698132
3,24.645351,10.063608,0.741765
4,24.699382,10.113028,0.741765
5,24.751943,10.164010,0.785398
6,24.772370,10.184370,0.829031
7,24.722884,10.130398,0.829031
8,24.675000,10.075000,0.872665
