index,x,y,yaw
0,27.425000,4.175000,-0.261799
1,27.497577,4.154374,-0.305432
2,27.569999,4.133201,-0.261799
3,27.643012,4.114183,-0.218166
4,27.716568,4.097377,-0.218166
5,27.790598,4.082798,-0.174533
6,27.865033,4.070460,-0.130899
7,27.926935,4.061930,-0.130899
8,27.851893,4.069755,-0.087266
9,27.776645,4.075312,-0.043633
10,27.701264,4.078595,-0.043633
11,27.625821,4.079603,0.000000
12,27.550379,4.078333,0.043633
13,27.475000,4.075000,0.043633
