index,x,y,yaw
0,18.775000,14.125000,-1.221730
1,18.750673,14.195053,-1.265364
2,18.728435,14.265796,-1.265364
3,18.707250,14.336864,-1.265364
4,18.684148,14.407331,-1.221730
5,18.658965,14.477080,-1.221730
6,18.631725,14.546053,-1.178097
7,18.602451,14.614186,-1.134464
8,18.571169,14.681423,-1.134464
9,18.575000,14.675000,-1.090831
