index,x,y,yaw
0,13.625000,13.875000,0.218166
1,13.552579,13.857810,0.261799
2,13.480687,13.838529,0.261799
3,13.408624,13.819892,0.218166
4,13.336040,13.803407,0.218166
5,13.262998,13.789093,0.174533
6,13.189560,13.776958,0.130900
7,13.115795,13.767015,0.130900
8,13.101990,13.765033,0.087266
9,13.176216,13.770569,0.043633
10,13.250575,13.773892,0.043633
11,13.325000,13.775000,0.000000
