index,x,y,yaw
0,22.625000,11.625000,0.785398
1,22.640729,11.639464,0.741765
2,22.698337,11.691922,0.741765
3,22.757550,11.742560,0.698132
4,22.715988,11.709620,0.654499
5,22.653734,11.662769,0.610865
6,22.590052,11.617882,0.610865
7,22.525000,11.575000,0.567232
