index,x,y,yaw
0,25.725000,11.575000,1.308997
1,25.742798,11.645508,1.352630
2,25.758536,11.716504,1.352630
3,25.762418,11.734147,1.396263
4,25.750834,11.662356,1.439897
5,25.741343,11.590259,1.439897
6,25.733951,11.517916,1.483530
7,25.728669,11.445389,1.527163
8,25.725495,11.372738,1.527163
9,25.725000,11.375000,1.570796
