index,x,y,yaw
0,18.250000,6.150000,1.134464
1,18.186458,6.012948,1.134464
2,18.122920,5.875894,1.134464
3,18.059383,5.738839,1.134464
4,17.995847,5.601785,1.134464
5,17.932309,5.464730,1.134464
6,17.868772,5.327676,1.134464
7,17.805924,5.190308,1.134464
8,17.750000,5.050000,1.221731
