index,x,y,yaw
0,26.125000,10.525000,0.610865
1,26.183091,10.566929,0.654499
2,26.239957,10.610505,0.654499
3,26.295935,10.655219,0.654499
4,26.352912,10.698647,0.654499
5,26.411112,10.740425,0.610865
6,26.470484,10.780519,0.567232
7,26.530979,10.818895,0.567232
8,26.592551,10.855522,0.523599
9,26.653058,10.889244,0.479966
10,26.589490,10.856204,0.479966
11,26.525000,10.825000,0.436332
