index,x,y,yaw
0,27.275000,3.675000,-2.574360
1,27.210386,3.633823,-2.574360
2,27.146955,3.590850,-2.530727
3,27.084873,3.545953,-2.487094
4,27.024192,3.499174,-2.487094
5,26.964975,3.450558,-2.443461
6,26.961014,3.447875,-2.399828
7,27.017142,3.500028,-2.356194
8,27.071647,3.553875,-2.356194
9,27.124476,3.609368,-2.312561
10,27.175577,3.666453,-2.268928
11,27.225000,3.725000,-2.268928
