index,x,y,yaw
0,26.275000,5.825000,-0.523598
1,26.338538,5.788459,-0.523598
2,26.402079,5.751922,-0.523598
3,26.465616,5.715384,-0.523598
4,26.529157,5.678846,-0.523598
5,26.592698,5.642309,-0.523598
6,26.656235,5.605771,-0.523598
7,26.719776,5.569233,-0.523598
8,26.783313,5.532696,-0.523598
9,26.846854,5.496158,-0.523598
10,26.910492,5.459792,-0.523598
11,26.975000,5.425000,-0.479965
