index,x,y,yaw
0,18.550000,6.750000,1.134464
1,18.487732,6.619547,1.134464
2,18.425356,6.489147,1.134464
3,18.362979,6.358746,1.134464
4,18.300601,6.228345,1.134464
5,18.238225,6.097945,1.134464
6,18.175849,5.967544,1.134464
7,18.113471,5.837143,1.134464
8,18.051094,5.706743,1.134464
9,17.988718,5.576342,1.134464
10,17.926340,5.445941,1.134464
11,17.863964,5.315540,1.134464
12,17.803339,5.184330,1.134464
13,17.750000,5.050000,1.221731
