index,x,y,yaw
0,26.925000,6.125000,-0.872664
1,26.970862,6.068955,-0.872664
2,27.017481,6.013542,-0.872664
3,27.065683,5.959501,-0.829031
4,27.115433,5.906879,-0.785398
5,27.166684,5.855720,-0.785398
6,27.219397,5.806067,-0.741765
7,27.215253,5.809052,-0.698131
8,27.159754,5.855570,-0.698131
9,27.102930,5.900460,-0.654498
10,27.044831,5.943686,-0.610865
11,26.985505,5.985211,-0.610865
12,26.925000,6.025000,-0.567231
