index,x,y,yaw
0,22.525000,11.475000,0.829031
1,22.574260,11.530384,0.872665
2,22.622831,11.586374,0.829031
3,22.672950,11.640981,0.829031
4,22.724665,11.694080,0.785398
5,22.777930,11.745622,0.741765
6,22.832701,11.795562,0.741765
7,22.826070,11.790581,0.698132
8,22.768436,11.743974,0.654499
9,22.709446,11.699098,0.654499
10,22.649150,11.655988,0.610865
11,22.587603,11.614686,0.567232
12,22.525000,11.575000,0.567232
