index,x,y,yaw
0,25.725000,5.025000,1.221731
1,25.751212,5.096074,1.221731
2,25.775605,5.167791,1.265364
3,25.797815,5.240213,1.308997
4,25.817820,5.313275,1.308997
5,25.814856,5.298661,1.352630
6,25.799314,5.224521,1.396263
7,25.786023,5.149945,1.396263
8,25.775000,5.075000,1.439897
