index,x,y,yaw
0,29.125000,14.175000,1.265364
1,29.149070,14.247460,1.221731
2,29.175327,14.319153,1.221731
3,29.201285,14.390958,1.221731
4,29.225037,14.463521,1.265364
5,29.246561,14.536775,1.308997
6,29.265839,14.610654,1.352630
7,29.270115,14.626876,1.352630
8,29.255384,14.551959,1.396263
9,29.242948,14.476627,1.439897
10,29.232816,14.400951,1.439897
11,29.225000,14.325000,1.483530
