index,x,y,yaw
0,22.125000,4.625000,-0.305432
1,22.053516,4.646372,-0.261799
2,21.981671,4.666503,-0.261799
3,21.909822,4.686628,-0.261799
4,21.837975,4.706752,-0.261799
5,21.766127,4.726876,-0.261799
6,21.694280,4.747001,-0.261799
7,21.622432,4.767125,-0.261799
8,21.550585,4.787249,-0.261799
9,21.478736,4.807373,-0.261799
10,21.406888,4.827498,-0.261799
11,21.335356,4.848707,-0.305432
12,21.264489,4.872041,-0.349066
13,21.194350,4.897480,-0.349066
14,21.125000,4.925000,-0.392699
