index,x,y,yaw
0,13.975000,4.525000,0.130900
1,13.904514,4.516736,0.087266
2,13.833823,4.510477,0.087266
3,13.763071,4.504922,0.087266
4,13.692497,4.497437,0.130900
5,13.622167,4.487952,0.130900
6,13.552132,4.476475,0.174533
7,13.482451,4.463014,0.218166
8,13.456195,4.457607,0.218166
9,13.525000,4.475000,0.261799
