index,x,y,yaw
0,29.325000,3.925000,-0.087266
1,29.397635,3.918427,-0.087266
2,29.470270,3.911841,-0.087266
3,29.542902,3.905256,-0.087266
4,29.615537,3.898671,-0.087266
5,29.688172,3.892085,-0.087266
6,29.760804,3.885500,-0.087266
7,29.833469,3.879289,-0.087266
8,29.906275,3.875028,-0.043633
9,29.979172,3.872891,0.000000
10,30.052103,3.872882,0.000000
11,30.125000,3.875000,0.043633
