time_ms,v,w,left_wheel,right_wheel
20,0.176327,0.0740793,0.102247,0.250406
20,0,0,0,0
